<?xml version="1.0" encoding="UTF-8"?>
    <addon id="repository.keeganmccallum" name="Keegan McCallum's Personal Repo" version="0.1.0" provider-name="Keegan McCallum">
        <requires>
            <import addon="xbmc.addon" version="12.0.0"/>
        </requires>
        <extension point="xbmc.addon.repository" name="Keegan McCallum's Personal Repo">
            <info compressed="false">https://raw.githubusercontent.com/keeganmccallum/repository.keeganmccallum/_repo/addons.xml</info>
            <checksum>https://raw.githubusercontent.com/keeganmccallum/repository.keeganmccallum/_repo/addons.xml.md5</checksum>
            <datadir zip="true">https://raw.githubusercontent.com/keeganmccallum/repository.keeganmccallum/_repo/</datadir>
            <hashes>false</hashes>
        </extension>
        <extension point="xbmc.addon.metadata">
            <summary>My personal repo with random scripts/addons I hack on</summary>
            <description></description>
            <platform>all</platform>
    </extension>
</addon>