<?xml version="1.0" encoding="UTF-8"?>
<addon
  id="webinterface.archplus"
  version="2.0.3"
  name="ArchPlus"
  provider-name="icolala">
  <requires>
    <import addon="xbmc.json" version="6.0.0" />
  </requires>
  <extension
    point="xbmc.webinterface"/>
  <extension point="xbmc.addon.metadata">
    <summary lang="en">A modern web interface for KODI</summary>
    <description lang="en">A modern web interface for KODI. Browse all your movies, tv shows and musics. See what's currently playing. Discover new movies and tv shows. All from your browser, desktop or tablets. Enhanced with functionality to play any URL on Kodi</description>
    <platform>all</platform>
    <language>en</language>
  </extension>
</addon>