﻿<?xml version="1.0" encoding="UTF-8" standalone="yes"?>
<addon id="plugin.audio.fratmusic" name="fratmusic" version="0.0.1" provider-name="keeganmccallum">
	<requires>
		<import addon="xbmc.python" version="2.1.0"/>
		<import addon="script.module.requests" version="1.1.0"/>		
		<import addon="script.module.simplejson" optional="true"/>
	</requires>
	<extension point="xbmc.python.pluginsource" library="fratmusic.py">
		<provides>audio</provides>
	</extension>
	<extension point="xbmc.addon.metadata">
		<summary lang="en">Frat Music.</summary>
		<description lang="en">.....</description>
		<disclaimer lang="en">The author does not host or distribute any of the content displayed by this addon. The author does not have any affiliation with the content provider.</disclaimer>
		<website>https://github.com/keeganmccallum/</website>
		<platform>all</platform>
	</extension>
</addon>
